game_id:ID(Game),title:string,title_zh:string,year:int,is_goty:boolean,genre:string,developer:string,developer_id:string,publisher:string,platforms:string,release_date:string,player_rating:int,rating_source:string,gameplay:string,unique_features:string,drawbacks:string,awards:string,influence:string,description:string
game_001,The Elder Scrolls IV: Oblivion,上古卷轴IV：湮没,2006,true,开放世界动作角色扮演,Bethesda Game Studios,studio_bethesda,Bethesda Softworks / 2K Games,PC;Xbox 360;PS3,2006-03-20,94,Metacritic,玩家以第一或第三人称在泰姆瑞尔大陆的赛洛迪尔省自由探索，通过提升主要技能升级角色。游戏继承了上古卷轴系列无缝开放的玩法，并新增任务追踪与日志系统。Radiant AI 让 NPC 拥有自主作息与社交行为。,引入创新的 Radiant AI 系统，使 NPC 能自主决定作息、对话与行动。庞大的支线任务与可阅读书籍构建出深厚的世界观。资料片《战栗孤岛》进一步扩展内容。,画面在当年已显疲态，部分任务引导不够清晰。敌人等级随玩家缩放的设计导致难度失衡。,2006 年多项年度游戏（斯派克奖、GameSpot 等）;Metacritic 94 分普遍好评;GDC 等多项技术/设计提名,确立了贝塞斯达以 Radiant AI 与无缝开放世界为核心的 RPG 设计范式。为后续《天际》奠定技术与叙事基础。是 21 世纪早期开放世界 RPG 的标杆之一。,贝塞斯达打造的奇幻开放世界 RPG，以 Radiant AI 与庞大自由度为特色的系列第四代作品。
game_002,The Elder Scrolls V: Skyrim,上古卷轴V：天际,2011,true,开放世界动作角色扮演,Bethesda Game Studios,studio_bethesda,Bethesda Softworks,PC;Xbox 360;PS3,2011-11-11,94,Metacritic,玩家扮演龙裔（Dragonborn），在诺德行省天际省自由探索、屠龙并提升技能。采用改进后的 Creation Engine，支持第一/第三人称切换与丰富的锻造、附魔系统。阵营任务与支线极大拓展了可玩性。,为几乎每个 NPC 赋予独立姓名与身份，强化沉浸感；世界状态具有高度物理持续性。巨龙战斗与声望技能系统成为系列标志。活跃的 Mod 社区极大延长了游戏寿命。,早期版本 bugs 较多，部分任务触发条件不清晰。战斗手感与人物动画在当年评价两极。,2011 年度游戏（金摇杆奖、斯派克奖、IGN 等）;Metacritic 94 分;BAFTA 等多项大奖,成为开放世界 RPG 与沉浸式叙事的行业标杆，至今仍被频繁重制与移植。其 Mod 生态深刻影响了后续 Bethesda 作品与社区文化。推动了奇幻题材在主机市场的普及。,贝塞斯达的奇幻开放世界 RPG 巅峰之作，玩家以龙裔身份在冰天雪地的天际省屠龙冒险。
game_003,Grand Theft Auto IV,侠盗猎车手IV,2008,true,开放世界动作冒险,Rockstar Games（Rockstar North 开发）,studio_rockstar,Rockstar Games,PS3;Xbox 360;PC,2008-04-29,98,Metacritic,玩家操控东欧移民尼科·贝里克在虚构的自由城（影射纽约）中完成黑帮任务与自由探索。采用 RAGE 引擎与 Euphoria 程序化物理，驾驶与格斗更趋写实。包含最多 32 人的在线多人模式。,Metacritic 双 98 分，与《塞尔达：时之笛》并列历史最高分之一。Euphoria 物理引擎带来真实倒地碰撞反馈。资料片《失落与诅咒》《夜生活之曲》构成多线交叉叙事。,PC 版首发优化糟糕，后期需手动配置画质。主线后半段任务重复感明显；2014 年后多人服务器关闭。,2008 年度游戏（斯派克奖、时代周刊、纽约时报等）;Metacritic 98 分;BAFTA 7 项提名,开启 GTA 系列的『HD 宇宙』，将叙事深度与写实物理推向新高度。对开放世界动作冒险的叙事与角色塑造影响深远。重定义了现代城市开放世界的沉浸标准。,Rockstar North 开发的写实主义开放世界犯罪动作游戏，以自由城为舞台的系列革新之作。
game_004,Grand Theft Auto V,侠盗猎车手V,2013,true,开放世界动作冒险,Rockstar Games（Rockstar North 开发）,studio_rockstar,Rockstar Games,PS3;Xbox 360;PC,2013-09-17,97,Metacritic,玩家可在三位主角迈克尔、富兰克林与崔佛间切换，于圣安地列斯州的洛圣都展开抢劫与犯罪。开放世界包含动态天气、海量支线与《GTA Online》多人模式。载具与射击系统较前作更顺滑。,首创三主角切换叙事机制，增强叙事层次。GTA Online 长期运营成为业界最成功的线上模式之一。Metacritic 97 分，首发三日销售额破 10 亿美元。,后期重制版（如 PS5/XSX）评分下滑；叙事被部分评论认为弱于前作。线上模式微交易与工作室争议不断。,2013 年度游戏（金摇杆奖、BAFTA 英国游戏奖等）;Metacritic 97 分;多项技术/设计奖,成为史上销量第二高的电子游戏，树立了开放世界与线上服务的商业范本。三主角设计影响后续叙事游戏。其开发商 Rockstar 被视为开放世界黄金标准。,Rockstar 的开放世界犯罪动作巨作，以三主角切换与洛圣都为舞台的系列新高峰。
game_005,Red Dead Redemption,荒野大镖客：救赎,2010,true,开放世界西部动作冒险,Rockstar Games（Rockstar San Diego 开发）,studio_rockstar,Rockstar Games,PS3;Xbox 360,2010-05-18,95,Metacritic,玩家扮演前亡命徒约翰·马斯顿，在 1911 年美国西部与墨西哥边境自由探索、赏金追猎与决斗。采用第三人称视角，包含 Dead Eye 标记射击与丰富随机遭遇。多人模式支持合作与对抗。,以西部荒野的衰落为基调，营造出极具电影感的叙事与氛围。Metacritic 95 分，获 20 余家媒体满分。资料片《不死梦魇》以僵尸题材拓展世界。,部分墨西哥章节任务节奏拖沓；后期移植版帧率与定价遭批评。相比续作，早期系统略显粗糙。,2010 年度游戏（斯派克奖、GDC 奖等）;Metacritic 95 分;BAFTA 等多项提名,将 Rockstar 的开放世界公式成功移植到西部题材，为《荒野大镖客2》铺路。其叙事深度与结局广受赞誉，提升了动作冒险游戏的艺术地位。,Rockstar San Diego 开发的西部题材开放世界动作冒险游戏，讲述亡命徒寻求救赎的史诗。
game_006,BioShock,生化奇兵,2007,true,第一人称射击,Irrational Games（当时名 2K Boston）,studio_irrational,2K Games,PC;Xbox 360;PS3,2007-08-21,96,Metacritic,玩家以第一人称在水下废城 Rapture 中探索，使用质粒（Plasmid）获得超能力与枪械战斗。通过散落的录音带（音频日记）逐步拼凑故事。道德选择影响结局走向。,将安·兰德式客观主义哲学融入反乌托邦叙事，主题深刻。环境叙事（音频日记、Big Daddy 与 Little Sister）密度极高。Metacritic 96 分，被誉为叙事驱动射击的里程碑。,后期战斗与『救援 Little Sister』机制略显重复；部分解谜引导不足。主机版首发偶有技术问题。,2007 年度游戏（BAFTA 最佳游戏、斯派克奖、IGN 等）;Metacritic 96 分;AIAS 艺术指导/音效/剧本奖,重新定义了『叙事性射击游戏』，证明电子游戏可承载严肃哲学思辨。其环境叙事手法深刻影响了后续沉浸式模拟类游戏。被视为 21 世纪最具艺术野心的游戏之一。,Irrational Games 开发的反乌托邦第一人称射击游戏，以海底城 Rapture 与哲学叙事著称。
game_007,Uncharted 2: Among Thieves,神秘海域2：纵横四海,2009,true,动作冒险,Naughty Dog,studio_naughtydog,Sony Computer Entertainment,PlayStation 3; PlayStation 4,2009-10-13,96,Metacritic,第三人称动作冒险，融合跑酷攀爬、掩体射击与近身格斗。玩家扮演宝藏猎人内森·德雷克，在尼泊尔、西藏与雨林中寻找香巴拉。关卡包含火车车厢战、雪山大本营等大型场景演出，节奏张弛有度。,以「电影化叙事」著称，过场与游玩无缝衔接。首次在PS3上实现大规模动态载具关卡（如行驶中的火车）。角色对白与表演捕捉充满魅力，配角塑造尤为出彩。,部分攀爬路线提示不足，易迷路。多人模式已于2019年停服。个别解谜节奏略显拖沓。,BAFTA最佳动作游戏; D.I.C.E.年度游戏; Game Developers Choice Awards年度游戏; Spike VGA年度游戏; IGN年度游戏,确立了「电影化游戏」的行业标准，深刻影响了《地平线》《战神2018》等作品。推动了表演捕捉在叙事游戏中的普及。被视为PS3时代最具代表性的独占大作之一，常被列为史上最佳游戏。,顽皮狗出品的电影化动作冒险巅峰之作，以行云流水的叙事与关卡设计被誉为史上最佳续作之一。
game_008,The Last of Us Part II,最后生还者 第二部,2020,true,动作冒险 / 生存恐怖,Naughty Dog,studio_naughtydog,Sony Interactive Entertainment,PlayStation 4; PlayStation 5,2020-06-19,93,Metacritic,第三人称生存动作游戏，强调潜行、资源管理与近战对抗。玩家交替操控艾莉与艾比两位主角推进双线叙事。玩法在前作基础上强化了战斗手感、可探索区域与敌人AI。,双向叙事结构让玩家体验对立双方视角，挑战传统英雄叙事。业界顶尖的表演捕捉与音频设计（含大量无障碍创新）。对暴力循环与复仇主题的严肃探讨。,叙事结构与角色安排引发玩家两极分化与争议。流程偏长（约25-30小时），部分玩家认为后段节奏放缓。部分玩家对剧情走向表达强烈不满。,The Game Awards年度游戏; Golden Joystick年度游戏; D.I.C.E.年度游戏; BAFTA最佳叙事; 最佳表演(Laura Bailey),将3A叙事游戏的情感表达与制作水准推向新高度。其无障碍设计（高对比度、听觉辅助等）成为行业标杆。引发关于游戏叙事伦理与玩家期待权的广泛讨论。,顽皮狗以双线叙事探讨复仇与和解的生存动作神作，在技术与叙事上均树立了新的行业标杆。
game_009,God of War,战神（2018）,2018,true,动作冒险,Santa Monica Studio,studio_santamonica,Sony Interactive Entertainment,PlayStation 4; PlayStation 5; Microsoft Windows,2018-04-20,94,Metacritic,第三人称越肩视角，融合砍杀、解谜与探索。玩家操控奎托斯与儿子阿特柔斯在北欧九界展开旅程。战斗以利维坦之斧为核心，强调时机、连招与投斧召回。,将系列从希腊神话转向北欧神话并「软重启」。采用一镜到底的伪长镜头叙事，营造沉浸感。父子关系的情感刻画取代单纯暴力爽快，叙事深度显著提升。,支线探索相对线性，开放度有限。个别解谜重复度较高。前期节奏较慢，需一定时间进入高潮。,The Game Awards年度游戏; BAFTA最佳游戏; D.I.C.E.年度游戏; Game Developers Choice Awards年度游戏; IGN年度游戏,重新定义了经典动作系列，证明「软重启+叙事驱动」可获巨大成功。影响了后续索尼第一方作品对角色深度的重视。被视为PS4时代标杆独占，并被玩家票选为IGN史上最佳游戏。,圣莫尼卡工作室将战神系列北欧化的软重启之作，以父子之情与一战斧重塑动作冒险标杆。
game_010,Astro Bot,宇宙机器人,2024,true,3D平台跳跃,Team Asobi,studio_asobi,Sony Interactive Entertainment,PlayStation 5,2024-09-06,94,Metacritic,3D平台跳跃游戏，操控机器人Astro跳跃、悬停、拳击与旋转攻击。包含大量创意关卡、Boss战与隐藏收集。充分运用DualSense手柄的触觉反馈与自适应扳机。,被誉为「PlayStation三十周年活的博物馆」，收录大量经典索尼角色彩蛋。将DualSense特性发挥到极致，关卡设计充满巧思。手感与创意达到系列巅峰，是年度评分最高新作。,体量相对传统3A较小，流程约12-15小时。部分隐藏收集较为硬核。无中文语音（但支持简繁中文界面与字幕）。,The Game Awards年度游戏; D.I.C.E.年度游戏; 金摇杆年度游戏; BAFTA最佳家庭游戏,成为史上获奖最多的平台游戏（累计超百项年度游戏提名与获奖）。重振了PlayStation第一方吉祥物IP。证明精致中型独占同样可夺得年度游戏，鼓舞了行业对平台游戏类型的信心。,Team Asobi打造的3D平台跳跃神作，以极致手感与DualSense创意致敬PlayStation三十周年。
game_011,It Takes Two,双人成行,2021,true,合作冒险,Hazelight Studios,studio_hazelight,Electronic Arts（EA Originals）,PC; PlayStation 4; PlayStation 5; Xbox One; Xbox Series X/S; Nintendo Switch,2021-03-26,88,Metacritic,游戏为纯双人合作，支持同屏分屏与在线联机，且可通过好友通行证邀请未购游戏者免费同玩。每关都引入完全不同的玩法机制与角色技能，从平台跳跃到载具驾驶层出不穷。玩家分别操控因魔法变成玩偶的夫妇Cody与May，在隐喻化的童话世界中协作解谜闯关。,叙事与玩法高度融合，将婚姻关系的隐喻具象化为吸尘器暴走、爱情大师等荒诞关卡。每个章节的机制都独一无二，几乎等同于把多种类型游戏串联进同一段旅程。首创好友通行证模式，大幅降低了合作游戏的人际门槛。,剧情台词略显说教，部分玩家觉得人物塑造与笑点偏西式幽默。对单人玩家完全不友好，必须找到同伴才能体验。,2021年游戏大奖年度游戏;2021年游戏大奖最佳家庭游戏;2021年游戏大奖最佳多人游戏;英国电影学院奖(BAFTA)最佳多人游戏,重新定义了现代双人合作游戏的设计范式，证明强叙事与玩法创新可以完美结合。其好友通行证模式被业界广泛借鉴，降低了合作游戏的社交成本。作为EA Originals扶持独立创意的成功案例，鼓励了更多中型工作室挑战传统品类。,一款将婚姻关系隐喻化为奇幻冒险、机制每关焕然一新的纯双人合作神作。
game_012,Dragon Age: Inquisition,龙腾世纪：审判,2014,true,角色扮演,BioWare,studio_bioware,Electronic Arts,PC; PlayStation 3; PlayStation 4; Xbox 360; Xbox One,2014-11-18,89,Metacritic,游戏为第三人称开放世界角色扮演，玩家扮演审判官组建势力、自定义队伍并探索广阔大陆。战斗融合实时动作与战术暂停指令，可随时调度队友技能。分支对话与阵营抉择深度影响剧情走向与世界状态。,庞大的开放区域与据点建设系统，玩家可派遣顾问处理事务、扩充影响力。多族裔同伴各有独立情愫与忠诚任务，叙事颗粒度极高。继承BioWare招牌的对话轮盘，选择后果贯穿整个战役。,前期节奏偏慢、地图空旷，部分区域探索缺乏引导。主机版曾存在性能优化与读盘问题。,2014年游戏大奖年度游戏;2014年金摇杆奖年度游戏;IGN 2014年度最佳RPG;第18届DICE年度游戏,延续了BioWare在剧情驱动RPG领域的统治地位，巩固了'选择与后果'叙事范式的行业标准。其开放世界与据点经营结合的尝试影响了后续众多CRPG。为重振《龙腾世纪》IP并延续至《龙腾世纪：影障守护者》奠定了基础。,BioWare打造的黑暗奇幻开放世界RPG巅峰，以宏大叙事与自由抉择赢得2014年度游戏。
game_013,The Witcher 3: Wild Hunt,巫师3：狂猎,2015,true,开放世界角色扮演,CD Projekt Red,studio_cdpr,CD Projekt,PC; PlayStation 4; Xbox One; Nintendo Switch; PlayStation 5; Xbox Series X/S,2015-05-19,93,Metacritic,游戏为第三人称开放世界RPG，玩家扮演猎魔人杰洛特在广袤大陆上搜寻养女希里。战斗强调走位、法印与炼金道具的配合，并可随时切换轻重攻击与闪避。海量支线任务均具独立短篇质感，玩家抉择会深刻改变世界走向。,以波兰奇幻文学为底色的成熟叙事，支线任务水准普遍媲美主线。内置昆特牌小游戏自成体系并衍生独立作品。两大资料片《石之心》《血与酒》内容量惊人，被称为业内良心。,首发版本存在帧率与bug等技术问题，部分任务引导与PC操作手感略显笨拙。个别女性角色刻画被批评为过度情色化。,2015年游戏大奖年度游戏;2015年金摇杆奖年度游戏;第19届DICE年度游戏;2016年游戏开发者选择奖年度游戏,被公认为史上最伟大游戏之一，树立了开放世界RPG在叙事密度与支线质量上的标杆。其成功带动波兰游戏产业崛起，并使CD Projekt成为欧洲市值最高的游戏公司。随Netflix剧集热播，进一步将《巫师》IP推向全球流行文化。,CD Projekt Red打造的波兰魔幻史诗，以无与伦比的开放世界与分支叙事夺得2015年度游戏。
game_014,Baldur's Gate 3,博德之门3,2023,true,角色扮演（CRPG）,Larian Studios,studio_larian,Larian Studios（自研自发）,PC; PlayStation 5; Xbox Series X/S,2023-08-03,96,Metacritic,基于龙与地下城5版规则的回合制战斗，强调队伍协作与战术站位。玩家拥有极高自由度，可通过对话、潜行、机关破解等多种方式解决遭遇。支持完整单人剧情与最多四人合作模式。,几乎每个NPC都可对话、贿赂或击杀，选择会产生连锁后果。环境互动丰富，可将敌人推下悬崖或点燃油面。电影化叙事与深度角色构筑无缝衔接。,前期规则复杂，学习与上手门槛较高。后期部分章节节奏略显拖沓。对硬件性能要求较高。,TGA 2023 年度最佳游戏; BAFTA 2024 最佳游戏; 金摇杆奖 2023 年度最佳游戏; DICE 2024 年度游戏; GDCA 2024 年度游戏,重振了等距视角CRPG这一曾经式微的品类。以众筹独立精神与完整玩家自由成为行业标杆，影响了后续众多RPG作品。证明了买断制单机大作仍能在3A时代取得巨大商业成功。,一款基于龙与地下城规则的史诗级CRPG，以极致自由与叙事深度成为现代角色扮演游戏的里程碑。
game_015,The Walking Dead,行尸走肉（第一季）,2012,true,冒险 / 互动电影,Telltale Games,studio_telltale,Telltale Games,PC; PlayStation 3; Xbox 360; Nintendo Switch; iOS; Android,2012-04-25,89,Metacritic,以章节式叙事驱动的点击解谜与对话选择玩法为主。玩家通过快速反应事件（QTE）在紧张场景中做出抉择。剧情聚焦于护工Lee与女孩Clementine在丧尸末世中的羁绊。,将'选择有意义'的叙事理念推向主流，角色关系因选项而持久改变。采用独特的'Graphic Black'漫画美术风格。以情感冲击与道德困境取代传统战斗。,动作段落过度依赖重复的QTE，操作略显单调。早期版本存在画面掉帧与程序错误。解谜环节相对简单。,80+ 项年度游戏奖项（含IGN、GameSpot等媒体年度最佳）; 多项叙事与冒险类大奖,重新定义了叙事驱动型冒险游戏，掀起'互动电影'浪潮。其章节式发售模式成为众多厂商效仿的范本。深刻影响了《Life is Strange》等同类型情感叙事作品。,一款以人性抉择与情感羁绊为核心的丧尸题材章节式冒险游戏，被视为叙事游戏的转折点。
game_016,Clair Obscur: Expedition 33,光与影：33号远征队,2025,true,回合制角色扮演（含即时元素）,Sandfall Interactive,studio_sandfall,Kepler Interactive,PC; PlayStation 5; Xbox Series X/S,2025-04-24,92,Metacritic,融合回合制指令与即时闪避/招架机制的战斗系统，玩家需在敌方攻击瞬间输入动作以削减伤害。探索采用箱庭式地图，战斗外界面极简沉浸。以法国'美好年代'风格奇幻世界为背景的线性叙事冒险。,将传统日式回合制RPG与类魂系即时操作结合，刷新了回合制体验。全程采用虚幻引擎5打造电影级画面与法式美术。由乐团录制的高质量原创配乐贯穿全程。,部分后期敌人数值曲线陡峭，难度波动明显。队伍角色切换与养成系统对新手略显复杂。法语口音英文字幕对部分玩家存在理解门槛。,TGA 2025 年度最佳游戏; TGA 2025 最佳游戏指导; TGA 2025 最佳叙事; TGA 2025 最佳艺术指导; TGA 2025 最佳配乐与音乐; TGA 2025 最佳RPG; TGA 2025 最佳独立游戏; TGA 2025 最佳独立游戏首作; TGA 2025 最佳表演（Jennifer English）; 金摇杆奖 2025 年度最佳等7项,成为史上获得年度游戏奖项最多的游戏（436项），并刷新TGA单届获奖纪录（9项）。作为法国独立工作室处女作即登顶，展现了小团队凭UE5实现3A品质的可能。复兴了被3A忽视的回合制RPG品类。,一款融合法式美术与回合制战棋的奇幻RPG，以惊人完成度成为2025年现象级年度游戏。
game_017,Sekiro: Shadows Die Twice,只狼：影逝二度,2019,true,动作冒险,FromSoftware,studio_fromsoftware,Activision（动视；日本由 FromSoftware 发行）,PC; PlayStation 4; Xbox One,2019-03-22,91,Metacritic,游戏以日本战国末期为背景，玩家扮演独臂忍者“狼”，使用武士刀与义肢道具在近身战斗中周旋。核心机制为“架势（Posture）”与“忍杀”，需通过精准格挡与攻击瓦解敌人架势方可一击必杀。探索采用半开放关卡，潜行、钩绳移动与回复道具构成多样的攻略路线。,本作舍弃了系列传统的角色养成与装备数值，改为强调招式时机与防守反击的纯动作体验。义肢“忍具”提供吹火筒、铁伞、爆竹等多样化战术选择。死亡后可通过“龙咳”以牺牲NPC或自身回生，形成独特的死亡惩罚与叙事张力。,极高的节奏要求与严苛的boss战令新手玩家容易受挫；部分敌人配置与检索式探索被批评为引导不足。,The Game Awards 2019 年度最佳游戏; 金摇杆奖 2019 年度最佳游戏; D.I.C.E. 年度冒险游戏; 日本游戏大奖 2019 年度作品,《只狼》以“精确剑戟”重新定义了硬核动作游戏，证明从RPG数值中抽离的纯技巧战斗同样能获得年度最佳。其架势系统与格挡手感深刻影响了后续动作游戏与类魂作品的设计思路。宫崎英高由此成为少数连续多部作品斩获GOTY的导演之一。,FromSoftware 打造的战国忍者动作杰作，以精准格挡与忍杀机制树立硬核近战新标杆。
game_018,Elden Ring,艾尔登法环,2022,true,开放世界动作角色扮演,FromSoftware,studio_fromsoftware,Bandai Namco Entertainment（万代南梦宫）,PC; PlayStation 4; PlayStation 5; Xbox One; Xbox Series X/S,2022-02-25,96,Metacritic,玩家扮为“褪色者”，在破碎的“交界地”中骑马（托雷特）探索广袤开放世界，自由挑战要塞、地下墓地与半神boss。战斗延续魂系的高风险近战与法术配比，并加入跳跃、闪避与坐骑机动，使立体战斗更富变化。通过升级、骨灰召唤与联机协作降低难度门槛，鼓励从失败中学习。,本作与《冰与火之歌》作者乔治·R·R·马丁共同构建宏大神话背景，再以宫崎英高的碎片化叙事呈现。无缝开放世界融合箱庭式地下城，几乎不留任务指引，强调玩家自发的探索与发现。动态天气、日夜与多样生物群落让交界地充满未知与惊喜。,部分后期区域存在重复刷怪与数值膨胀问题；PC版首发优化与掉帧、闪退饱受批评。,The Game Awards 2022 年度最佳游戏; D.I.C.E. 年度游戏; 游戏开发者选择奖 年度游戏; BAFTA 最佳游戏; 金摇杆奖 年度最佳游戏,《艾尔登法环》将魂系难度与开放世界探索成功融合，成为2020年代最具代表性的游戏之一，全球销量超3000万份。它重新点燃业界对“开放世界+高难度”设计的热情，并推动大量类魂开放世界项目立项。其资料片《黄金树之影》更成为首款入围TGA年度最佳的DLC。,FromSoftware 与乔治·R·R·马丁联袂打造的开放世界魂系史诗，被誉为定义世代的巨作。
game_019,The Legend of Zelda: Breath of the Wild,塞尔达传说：旷野之息,2017,true,开放世界动作冒险,Nintendo EPD,studio_nintendoepd,Nintendo（任天堂）,Nintendo Switch; Wii U,2017-03-03,97,Metacritic,林克从百年沉睡中苏醒，可在海拉鲁大陆自由攀爬、滑翔、烹饪与战斗，几乎没有强制的任务顺序。物理与化学引擎让火、电、风、金属等材料互相作用，玩家以环境为工具解谜。武器耐久、耐力条与气候系统要求玩家持续管理资源与路线。,任天堂称其为“开放空气（open-air）”而非传统开放世界，刻意减少地图图标，强调以瞭望塔远眺后自行抉择路径。约900个克洛格种子与120座神庙以低密度奖励维持探索欲望。碎片化记忆叙事赋予开放探索以情感主线。,武器耐久机制争议较大，部分玩家认为频繁换刀打断了战斗沉浸；画面在掌机模式下的分辨率与帧率有限。,The Game Awards 2017 年度最佳游戏; 金摇杆奖 2017 年度最佳游戏; D.I.C.E. 年度游戏; 游戏开发者选择奖 年度最佳游戏,《旷野之息》以“好奇心驱动的探索”重写了开放世界设计语言，直接影响了其后大量3A作品的爬墙、环境叙事与沙盒机制。它被视为Switch平台的奠基之作，全球销量逾3300万份。其续作《王国之泪》进一步将物理沙盒推向极致。,任天堂重新定义开放世界范式的塞尔达神作，以自由探索与物理沙盒树立行业标杆。
game_020,Overwatch,守望先锋,2016,true,第一人称英雄射击,Blizzard Entertainment,studio_blizzard,Blizzard Entertainment（暴雪娱乐）,PC; PlayStation 4; Xbox One; Nintendo Switch,2016-05-24,91,Metacritic,玩家在6v6团队对战中从数十名技能各异的英雄中选取，分为输出、坦克与支援三大定位，强调职业配合而非纯枪法。地图围绕“占领据点”“护送运载目标”等模式展开，技能与终极技的组合决定团战胜负。快节奏移动与多样化英雄让上手门槛相对亲民。,本作以鲜明卡通美术与多元文化英雄阵容塑造强烈辨识度，每名英雄都有独立背景故事与短视频动画。强调“正面沟通、友善社区”的官方理念，配合赛季与竞技排位形成长线运营。其“英雄射击”品类由此成为主流电竞项目。,首发后内容更新节奏偏慢，平衡性调整与开箱随机道具曾引发争议；部分玩家批评后期缺乏足够的新地图与模式。,The Game Awards 2016 年度最佳游戏; 金摇杆奖 2016 年度最佳游戏; D.I.C.E. 年度游戏; 游戏开发者选择奖 年度游戏,《守望先锋》将“英雄射击”从小众推向全球电竞主流，并凭借多彩角色与叙事化运营重塑了射击游戏的表达方式。它奠定了暴雪在多人服务型游戏上的新方向，并催生续作《守望先锋2》。其社区与赛事文化对后续团队射击产品影响深远。,暴雪打造的多元英雄团队射击游戏，以鲜明角色与团队配合开创英雄射击新时代。
game_021,Fallout 3,辐射3,2008,false,动作角色扮演,Bethesda Game Studios,studio_bethesda,,,,93,Metacritic,,,,,,贝塞斯达接手辐射系列的首部作品，将废土 RPG 带入 3D 开放世界。
game_022,Fallout 4,辐射4,2015,false,动作角色扮演,Bethesda Game Studios,studio_bethesda,,,,87,Metacritic,,,,,,加入据点建造、武器改造与同伴系统，争议与好评并存。
game_023,Fallout 76,辐射76,2018,false,多人在线角色扮演,Bethesda Game Studios,studio_bethesda,,,,52,Metacritic,,,,,,系列首款纯在线多人作品，首发口碑与运营问题较多。
game_024,Starfield,星空,2023,false,太空角色扮演,Bethesda Game Studios,studio_bethesda,,,,83,Metacritic,,,,,,贝塞斯达 25 年来首个全新 IP，以星际探索与飞船建造为题材。
game_025,Fallout Shelter,辐射：避难所,2015,false,模拟经营,Bethesda Game Studios,studio_bethesda,,,,,,,,,,,移动端避难所经营游戏，全球下载量破亿。
game_026,The Elder Scrolls: Blades,上古卷轴：刀锋,2019,false,角色扮演,Bethesda Game Studios,studio_bethesda,,,,,,,,,,,面向移动端的《上古卷轴》衍生作品，含城镇建造要素。
game_027,Grand Theft Auto III,侠盗猎车手III,2001,false,动作冒险,Rockstar Games,studio_rockstar,,,,97,Metacritic,,,,,,将系列带入全 3D 开放世界，被视为现代开放世界游戏的奠基之作。
game_028,Grand Theft Auto: Vice City,侠盗猎车手：罪恶都市,2002,false,动作冒险,Rockstar Games,studio_rockstar,,,,95,Metacritic,,,,,,以 1980 年代迈阿密为蓝本，配乐与氛围广受赞誉。
game_029,Grand Theft Auto: San Andreas,侠盗猎车手：圣安地列斯,2004,false,动作冒险,Rockstar Games,studio_rockstar,,,,95,Metacritic,,,,,,系列野心最大的 PS2 时代作品，含饮食、健身等大量 RPG 要素。
game_030,Red Dead Revolver,荒野大镖客：左轮,2004,false,西部动作冒险,Rockstar Games,studio_rockstar,,,,73,Metacritic,,,,,,荒野大镖客系列首作，由 Capcom 转手 Rockstar San Diego 完成开发。
game_031,Bully,恶霸鲁尼,2006,false,动作冒险,Rockstar Games,studio_rockstar,,,,87,Metacritic,,,,,,以寄宿学校为背景的校园题材开放世界游戏，争议与好评并存。
game_032,L.A. Noire,黑色洛城,2011,false,动作冒险/侦探,Rockstar Games,studio_rockstar,,,,89,Metacritic,,,,,,以 1940 年代洛杉矶为舞台，引入面部表情审讯系统。
game_033,Max Payne 3,马克思·佩恩3,2012,false,第三人称射击,Rockstar Games,studio_rockstar,,,,87,Metacritic,,,,,,由 Rockstar Studios 开发的硬派黑色风格射击游戏。
game_034,Red Dead Redemption 2,荒野大镖客：救赎2,2018,false,动作冒险,Rockstar Games,studio_rockstar,,,,97,Metacritic,,,,,,《荒野大镖客：救赎》前传，以极致细节与叙事获广泛赞誉。
game_035,System Shock 2,网络奇兵2,1999,false,第一人称射击RPG,Irrational Games,studio_irrational,,,,92,Metacritic,,,,,,与 Looking Glass 合作的科幻生存射击 RPG，影响深远。
game_036,BioShock Infinite,生化奇兵：无限,2013,false,第一人称射击,Irrational Games,studio_irrational,,,,94,Metacritic,,,,,,以空中之城哥伦比亚为舞台，叙事与结局引发热烈讨论。
game_037,SWAT 4,霹雳小组4,2005,false,战术射击,Irrational Games,studio_irrational,,,,85,Metacritic,,,,,,强调非致命制服与真实警察程序的战术 FPS。
game_038,Freedom Force,自由力量,2002,false,策略RPG,Irrational Games,studio_irrational,,,,,,,,,,,超级英雄题材的回合制战术 RPG。
game_039,Tribes: Vengeance,部落：复仇,2004,false,第一人称射击,Irrational Games,studio_irrational,,,,77,Metacritic,,,,,,为 Tribes 系列打造单人战役的科幻 FPS。
game_040,Freedom Force vs. The Third Reich,自由力量：对抗第三帝国,2005,false,策略RPG,Irrational Games,studio_irrational,,,,,,,,,,,自由力量续作，加入二战题材与全新英雄。
game_041,Crash Bandicoot,古惑狼,1996,false,平台跳跃,Naughty Dog,studio_naughtydog,,,,85,Metacritic,,,,,,工作室成名作，奠定了PS1平台动作游戏标杆，全球销量超680万份。
game_042,Crash Bandicoot 2: Cortex Strikes Back,古惑狼2：科尔特克斯的反击,1997,false,平台跳跃,Naughty Dog,studio_naughtydog,,,,85,Metacritic,,,,,,系列口碑与销量俱佳的续作，关卡设计更精进。
game_043,Crash Team Racing,古惑狼赛车,1999,false,卡丁车竞速,Naughty Dog,studio_naughtydog,,,,88,Metacritic,,,,,,索尼对标价《马里奥赛车》的竞速作品，被誉为最优秀的卡丁车游戏之一。
game_044,Jak and Daxter: The Precursor Legacy,杰克与达斯特：先祖遗产,2001,false,平台动作,Naughty Dog,studio_naughtydog,,,,90,Metacritic,,,,,,成为索尼第一方后打造的全新IP，采用自研GOAL语言开发。
game_045,Uncharted: Drake's Fortune,神秘海域：德雷克的宝藏,2007,false,动作冒险,Naughty Dog,studio_naughtydog,,,,88,Metacritic,,,,,,系列开山之作，确立电影化动作冒险风格。
game_046,Uncharted 3: Drake's Deception,神秘海域3：德雷克的诡计,2011,false,动作冒险,Naughty Dog,studio_naughtydog,,,,92,Metacritic,,,,,,系列第三部，沙漠城镇与飞机失事场景演出广受赞誉。
game_047,The Last of Us,最后生还者,2013,false,动作冒险 / 生存恐怖,Naughty Dog,studio_naughtydog,,,,95,Metacritic,,,,,,后启示录叙事神作，将顽皮狗推向叙事游戏顶峰，后改编为HBO剧集。
game_048,Kinetica,极速魔神,2001,false,未来竞速,Santa Monica Studio,studio_santamonica,,,,75,Metacritic,,,,,,工作室首款作品，验证了按时按预算交付能力，并孵化了Kinetica引擎。
game_049,God of War II,战神2,2007,false,动作冒险,Santa Monica Studio,studio_santamonica,,,,93,Metacritic,,,,,,PS2平台续作，规模与爽快度进一步升级。
game_050,God of War III,战神3,2010,false,动作冒险,Santa Monica Studio,studio_santamonica,,,,92,Metacritic,,,,,,希腊三部曲终章，以宏大神战场面收尾。
game_051,God of War: Ascension,战神：崛起,2013,false,动作冒险,Santa Monica Studio,studio_santamonica,,,,80,Metacritic,,,,,,系列前传，评价较前期作品回落，促使工作室寻求新方向。
game_052,God of War Ragnarök,战神：诸神黄昏,2022,false,动作冒险,Santa Monica Studio,studio_santamonica,,,,94,Metacritic,,,,,,北欧篇章续作，成为索尼与工作室最畅销作品，BAFTA提名数创纪录。
game_053,The PlayRoom,游戏间,2013,false,增强现实 / 硬件展示,Team Asobi,studio_asobi,,,,73,Metacritic,,,,,,PS4首发预装演示，展示DualShock 4与PlayStation Camera玩法，首次引入机器人角色A5081。
game_054,The PlayRoom VR,游戏间VR,2016,false,虚拟现实 / 合家欢,Team Asobi,studio_asobi,,,,76,Metacritic,,,,,,随PS VR推出的合集式演示，展示虚拟现实体验。
game_055,Astro Bot Rescue Mission,宇宙机器人：搜救行动,2018,false,VR平台跳跃,Team Asobi,studio_asobi,,,,90,Metacritic,,,,,,PS VR平台跳跃佳作，首次以Astro为主角的完整冒险，奠定系列基调。
game_056,Astro's Playroom,宇宙机器人：游戏间,2020,false,平台跳跃,Team Asobi,studio_asobi,,,,83,Metacritic,,,,,,PS5免费预装 launch 作品，充分展示DualSense触觉反馈，因好评使团队免于日本工作室裁撤。
game_057,Brother: A Tale of Two Sons,兄弟：双子传说,2013,false,解谜冒险,Hazelight Studios,studio_hazelight,,,,86,Metacritic,,,,,,Josef Fares担任编剧与导演的成名作，以双角色单手柄协同操作讲述兄弟救父的温情旅程。
game_058,A Way Out,逃出生天,2018,false,合作动作冒险,Hazelight Studios,studio_hazelight,,,,78,Metacritic,,,,,,史上首款纯双人合作第三人称动作冒险游戏，讲述两名囚犯联手越狱逃亡的故事。
game_059,Split Fiction,双影奇境,2025,false,合作冒险,Hazelight Studios,studio_hazelight,,,,91,Metacritic,,,,,,两位女作家被困于自己创作的故事中，在科幻与奇幻世界间穿梭合作，发售48小时即破百万销量并打破多项合作游戏纪录。
game_060,Baldur's Gate,博德之门,1998,false,角色扮演,BioWare,studio_bioware,,,,,,,,,,,基于龙与地下城规则的里程碑式CRPG，确立BioWare在角色扮演领域的顶尖地位，销量超两百万份。
game_061,Neverwinter Nights,无冬之夜,2002,false,角色扮演,BioWare,studio_bioware,,,,91,Metacritic,,,,,,自带功能强大的地牢主工具，极大推动了模组社区与线上角色扮演文化的发展。
game_062,Star Wars: Knights of the Old Republic,星球大战：旧共和国武士,2003,false,角色扮演,BioWare,studio_bioware,,,,93,Metacritic,,,,,,将星战宇宙与前作风格叙事融合，被誉为史上最优秀的星战游戏之一。
game_063,Dragon Age: Origins,龙腾世纪：起源,2009,false,角色扮演,BioWare,studio_bioware,,,,91,Metacritic,,,,,,BioWare原创黑暗奇幻IP的开山之作，以多出身叙事与战术小队战斗广受赞誉。
game_064,Mass Effect,质量效应,2007,false,科幻角色扮演,BioWare,studio_bioware,,,,89,Metacritic,,,,,,开创太空歌剧式的银河叙事与角色对话系统，奠定BioWare原创科幻IP基础。
game_065,Mass Effect 2,质量效应2,2010,false,科幻角色扮演,BioWare,studio_bioware,,,,94,Metacritic,,,,,,系列口碑巅峰，以招募队友与'自杀小队'式叙事被视为RPG史上最伟大的作品之一。
game_066,Mass Effect: Andromeda,质量效应：仙女座,2017,false,科幻角色扮演,BioWare,studio_bioware,,,,76,Metacritic,,,,,,系列外传，因技术瑕疵与角色塑造争议评价两极，被视为未达正传水准。
game_067,Anthem,圣歌,2019,false,在线动作角色扮演,BioWare,studio_bioware,,,,60,Metacritic,,,,,,BioWare进军服务型多人游戏的尝试，因内容空洞与完成度不足遭遇商业与口碑双重失利。
game_068,The Witcher,巫师,2007,false,角色扮演,CD Projekt Red,studio_cdpr,,,,81,Metacritic,,,,,,工作室首部作品，改编自波兰国宝级奇幻小说，以成熟黑暗的叙事崭露头角。
game_069,The Witcher 2: Assassins of Kings,巫师2：国王刺客,2011,false,角色扮演,CD Projekt Red,studio_cdpr,,,,88,Metacritic,,,,,,采用自研REDengine引擎，战斗与政治叙事大幅升级，确立系列国际声誉。
game_070,Thronebreaker: The Witcher Tales,王权的陨落：巫师传说,2018,false,卡牌角色扮演,CD Projekt Red,studio_cdpr,,,,79,Metacritic,,,,,,由《巫师3》昆特牌衍生，融合单人剧情与回合卡牌策略的独立作品。
game_071,Cyberpunk 2077,赛博朋克2077,2020,false,开放世界角色扮演,CD Projekt Red,studio_cdpr,,,,86,Metacritic,,,,,,基于桌上角色扮演的科幻开放世界巨作，PC版获好评但主机版因严重技术问题引发争议。
game_072,GWENT: The Witcher Card Game,昆特牌：巫师之昆特牌,2018,false,卡牌对战,CD Projekt Red,studio_cdpr,,,,,,,,,,,脱胎于《巫师3》内置小游戏的独立联机卡牌游戏，后登陆多平台。
game_073,Cyberpunk 2077: Phantom Liberty,赛博朋克2077：往日之影,2023,false,开放世界角色扮演（资料片）,CD Projekt Red,studio_cdpr,,,,89,Metacritic,,,,,,由Idris Elba参演的间谍惊悚式资料片，重制部分系统并被视为挽回口碑的转折点。
game_074,Divine Divinity,神界,2002,false,动作角色扮演,Larian Studios,studio_larian,,,,,,,,,,,工作室早期成名作，奠定神界世界观。
game_075,Beyond Divinity,超越神界,2004,false,动作角色扮演,Larian Studios,studio_larian,,,,,,,,,,,《神界》的衍生续作。
game_076,Divinity II: Ego Draconis,神界2：龙刃,2009,false,动作角色扮演,Larian Studios,studio_larian,,,,,,,,,,,引入变身巨龙玩法的开放世界RPG。
game_077,Divinity: Dragon Commander,神界：龙指挥官,2013,false,策略/角色扮演,Larian Studios,studio_larian,,,,,,,,,,,结合战棋与政治策略的混合型作品。
game_078,Divinity: Original Sin,神界：原罪,2014,false,角色扮演（CRPG）,Larian Studios,studio_larian,,,,87,Metacritic,,,,,,众筹成功之作，以合作模式与环境互动 revitalized 等距CRPG。
game_079,Divinity: Original Sin 2,神界：原罪2,2017,false,角色扮演（CRPG）,Larian Studios,studio_larian,,,,93,Metacritic,,,,,,口碑爆款，确立拉瑞安顶级RPG厂商地位并获BAFTA最佳多人游戏。
game_080,Divinity: Fallen Heroes,神界：陨落英雄,2019,false,战术角色扮演,Larian Studios,studio_larian,,,,,,,,,,,与Logic Artists合作开发，后开发中止，资源转向《博德之门3》。
game_081,Tales of Monkey Island,猴岛传说,2009,false,冒险,Telltale Games,studio_telltale,,,,,,,,,,,经典《猴岛小英雄》IP的章节式重启。
game_082,Back to the Future: The Game,回到未来,2010,false,冒险,Telltale Games,studio_telltale,,,,,,,,,,,改编自经典科幻电影，由Telltale原创剧情延续。
game_083,The Wolf Among Us,我们之中的狼,2013,false,冒险/互动电影,Telltale Games,studio_telltale,,,,84,Metacritic,,,,,,改编自比尔·威灵厄姆漫画《成人童话》，叙事口碑极高。
game_084,Tales from the Borderlands,无主之地传说,2014,false,冒险/喜剧,Telltale Games,studio_telltale,,,,86,Metacritic,,,,,,基于《无主之地》世界观的幽默叙事佳作。
game_085,Game of Thrones: Season 1,权力的游戏：第一季,2014,false,冒险,Telltale Games,studio_telltale,,,,75,Metacritic,,,,,,基于HBO剧集的授权改编章节游戏。
game_086,Minecraft: Story Mode,我的世界：故事模式,2015,false,冒险/家庭,Telltale Games,studio_telltale,,,,61,Metacritic,,,,,,面向年轻玩家的分支叙事作品，销量庞大。
game_087,Batman: The Telltale Series,蝙蝠侠：Telltale系列,2016,false,冒险,Telltale Games,studio_telltale,,,,70,Metacritic,,,,,,以布鲁斯·韦恩内心抉择为核心的蝙蝠侠叙事作。
game_088,The Walking Dead: Season Two,行尸走肉：第二季,2013,false,冒险/互动电影,Telltale Games,studio_telltale,,,,80,Metacritic,,,,,,以少年Clementine为主视角的续作。
game_089,Demon's Souls,恶魔之魂,2009,false,动作角色扮演,FromSoftware,studio_fromsoftware,,,,89,Metacritic,,,,,,魂系游戏的鼻祖，以极具压迫感的高难度与精巧箱庭关卡奠定了系列基调。
game_090,Dark Souls,黑暗之魂,2011,false,动作角色扮演,FromSoftware,studio_fromsoftware,,,,89,Metacritic,,,,,,以互联世界设计与“传火”世界观确立魂系标杆，被广泛视为最具影响力的硬核动作RPG之一。
game_091,Dark Souls II,黑暗之魂II,2014,false,动作角色扮演,FromSoftware,studio_fromsoftware,,,,91,Metacritic,,,,,,引入即时快速旅行与更自由的职业构建，后续《原罪学者》版本进一步完善体验。
game_092,Bloodborne,血源诅咒,2015,false,动作角色扮演,FromSoftware,studio_fromsoftware,,,,92,Metacritic,,,,,,融合克苏鲁式哥特美学与更快更激进的战斗，是魂系外极具个性的衍生杰作。
game_093,Dark Souls III,黑暗之魂III,2016,false,动作角色扮演,FromSoftware,studio_fromsoftware,,,,89,Metacritic,,,,,,三部曲收官之作，节奏更快、boss战华丽，为黑暗之魂系列画下句点。
game_094,Armored Core VI: Fires of Rubicon,装甲核心VI 境界天火,2023,false,机甲动作,FromSoftware,studio_fromsoftware,,,,86,Metacritic,,,,,,时隔十年重启的机甲组装对战作品，将魂系的战斗手感融入拼装与策略。
game_095,Super Mario Odyssey,超级马里奥：奥德赛,2017,false,3D平台,Nintendo EPD,studio_nintendoepd,,,,97,Metacritic,,,,,,以“捕捉帽”凯皮为核心的沙盒式3D马里奥，自由度与创意获极高评价。
game_096,Animal Crossing: New Horizons,集合啦！动物森友会,2020,false,生活模拟,Nintendo EPD,studio_nintendoepd,,,,90,Metacritic,,,,,,无人岛经营与社交模拟，凭借治愈节奏成为现象级合家欢作品。
game_097,Splatoon 2,喷射战士2,2017,false,第三人称射击,Nintendo EPD,studio_nintendoepd,,,,,,,,,,,以“涂地”为目标的四人团队射击游戏，融合潮流美术与强社交性。
game_098,The Legend of Zelda: Tears of the Kingdom,塞尔达传说：王国之泪,2023,false,开放世界动作冒险,Nintendo EPD,studio_nintendoepd,,,,96,Metacritic,,,,,,《旷野之息》的续作，新增“究极手”“余料建造”等系统，将物理沙盒推向新高度。
game_099,Super Mario Bros. Wonder,超级马里奥兄弟：惊奇,2023,false,横向卷轴平台,Nintendo EPD,studio_nintendoepd,,,,92,Metacritic,,,,,,2D马里奥的革新之作，以“惊奇花”带来千变万化的关卡演出与手感。
game_100,Metroid Dread,密特罗德：生存恐惧,2021,false,银河恶魔城/动作冒险,Nintendo EPD,studio_nintendoepd,,,,88,Metacritic,,,,,,时隔多年的2D密特罗德正统续作，以 E.M.M.I. 追击营造紧张探索体验。
game_101,Diablo II,暗黑破坏神II,2000,false,动作角色扮演（ARPG）,Blizzard Entertainment,studio_blizzard,,,,89,Metacritic,,,,,,暗黑系列里程碑，以随机掉落、职业构建与阴郁哥特氛围定义ARPG范式。
game_102,StarCraft,星际争霸,1998,false,即时战略（RTS）,Blizzard Entertainment,studio_blizzard,,,,88,Metacritic,,,,,,三大种族平衡的科幻RTS，曾长期主导电子竞技与韩国职业联赛。
game_103,World of Warcraft,魔兽世界,2004,false,大型多人在线角色扮演（MMORPG）,Blizzard Entertainment,studio_blizzard,,,,91,Metacritic,,,,,,史上最具影响力的MMORPG，以庞大世界观与持续运营塑造在线游戏标杆。
game_104,Diablo III,暗黑破坏神III,2012,false,动作角色扮演（ARPG）,Blizzard Entertainment,studio_blizzard,,,,88,Metacritic,,,,,,强化爽快连击与拍卖行系统，后续《死神之镰》资料片大幅改善体验。
game_105,Hearthstone,炉石传说,2014,false,数字卡牌,Blizzard Entertainment,studio_blizzard,,,,88,Metacritic,,,,,,基于魔兽IP的免费数字卡牌游戏，以低门槛与强策略性风靡全球。
game_106,Diablo IV,暗黑破坏神IV,2023,false,动作角色扮演（ARPG）,Blizzard Entertainment,studio_blizzard,,,,86,Metacritic,,,,,,回归暗黑黑暗写实基调，引入开放世界与赛季制持续运营内容。
game_107,Overwatch 2,守望先锋2,2022,false,第一人称英雄射击,Blizzard Entertainment,studio_blizzard,,,,79,Metacritic,,,,,,前作的免费续作，转向5v5与赛季更新，但因内容节奏引发争议。
