:START_ID(Game),:END_ID(Genre),:TYPE
game_001,genre_016,BELONGS_TO_GENRE
game_001,genre_013,BELONGS_TO_GENRE
game_001,genre_005,BELONGS_TO_GENRE
game_002,genre_016,BELONGS_TO_GENRE
game_002,genre_013,BELONGS_TO_GENRE
game_002,genre_005,BELONGS_TO_GENRE
game_003,genre_005,BELONGS_TO_GENRE
game_003,genre_013,BELONGS_TO_GENRE
game_004,genre_005,BELONGS_TO_GENRE
game_004,genre_013,BELONGS_TO_GENRE
game_005,genre_034,BELONGS_TO_GENRE
game_005,genre_013,BELONGS_TO_GENRE
game_005,genre_005,BELONGS_TO_GENRE
game_006,genre_023,BELONGS_TO_GENRE
game_007,genre_005,BELONGS_TO_GENRE
game_008,genre_005,BELONGS_TO_GENRE
game_008,genre_033,BELONGS_TO_GENRE
game_009,genre_005,BELONGS_TO_GENRE
game_010,genre_036,BELONGS_TO_GENRE
game_011,genre_030,BELONGS_TO_GENRE
game_011,genre_014,BELONGS_TO_GENRE
game_012,genre_001,BELONGS_TO_GENRE
game_012,genre_013,BELONGS_TO_GENRE
game_013,genre_016,BELONGS_TO_GENRE
game_013,genre_013,BELONGS_TO_GENRE
game_013,genre_005,BELONGS_TO_GENRE
game_014,genre_019,BELONGS_TO_GENRE
game_014,genre_014,BELONGS_TO_GENRE
game_015,genre_027,BELONGS_TO_GENRE
game_016,genre_017,BELONGS_TO_GENRE
game_017,genre_005,BELONGS_TO_GENRE
game_018,genre_016,BELONGS_TO_GENRE
game_018,genre_013,BELONGS_TO_GENRE
game_018,genre_005,BELONGS_TO_GENRE
game_019,genre_005,BELONGS_TO_GENRE
game_019,genre_013,BELONGS_TO_GENRE
game_020,genre_025,BELONGS_TO_GENRE
game_020,genre_015,BELONGS_TO_GENRE
game_020,genre_014,BELONGS_TO_GENRE
game_021,genre_016,BELONGS_TO_GENRE
game_021,genre_013,BELONGS_TO_GENRE
game_021,genre_005,BELONGS_TO_GENRE
game_022,genre_016,BELONGS_TO_GENRE
game_022,genre_013,BELONGS_TO_GENRE
game_022,genre_005,BELONGS_TO_GENRE
game_023,genre_018,BELONGS_TO_GENRE
game_023,genre_015,BELONGS_TO_GENRE
game_023,genre_013,BELONGS_TO_GENRE
game_024,genre_020,BELONGS_TO_GENRE
game_024,genre_013,BELONGS_TO_GENRE
game_025,genre_042,BELONGS_TO_GENRE
game_026,genre_001,BELONGS_TO_GENRE
game_027,genre_005,BELONGS_TO_GENRE
game_027,genre_013,BELONGS_TO_GENRE
game_028,genre_005,BELONGS_TO_GENRE
game_028,genre_013,BELONGS_TO_GENRE
game_029,genre_005,BELONGS_TO_GENRE
game_029,genre_013,BELONGS_TO_GENRE
game_030,genre_034,BELONGS_TO_GENRE
game_031,genre_005,BELONGS_TO_GENRE
game_031,genre_013,BELONGS_TO_GENRE
game_032,genre_005,BELONGS_TO_GENRE
game_032,genre_032,BELONGS_TO_GENRE
game_033,genre_024,BELONGS_TO_GENRE
game_034,genre_005,BELONGS_TO_GENRE
game_034,genre_013,BELONGS_TO_GENRE
game_035,genre_023,BELONGS_TO_GENRE
game_035,genre_016,BELONGS_TO_GENRE
game_036,genre_023,BELONGS_TO_GENRE
game_037,genre_026,BELONGS_TO_GENRE
game_038,genre_041,BELONGS_TO_GENRE
game_039,genre_023,BELONGS_TO_GENRE
game_040,genre_041,BELONGS_TO_GENRE
game_041,genre_006,BELONGS_TO_GENRE
game_042,genre_006,BELONGS_TO_GENRE
game_043,genre_044,BELONGS_TO_GENRE
game_044,genre_039,BELONGS_TO_GENRE
game_045,genre_005,BELONGS_TO_GENRE
game_046,genre_005,BELONGS_TO_GENRE
game_047,genre_005,BELONGS_TO_GENRE
game_047,genre_033,BELONGS_TO_GENRE
game_048,genre_045,BELONGS_TO_GENRE
game_049,genre_005,BELONGS_TO_GENRE
game_050,genre_005,BELONGS_TO_GENRE
game_051,genre_005,BELONGS_TO_GENRE
game_052,genre_005,BELONGS_TO_GENRE
game_053,genre_047,BELONGS_TO_GENRE
game_054,genre_012,BELONGS_TO_GENRE
game_055,genre_037,BELONGS_TO_GENRE
game_056,genre_006,BELONGS_TO_GENRE
game_057,genre_031,BELONGS_TO_GENRE
game_057,genre_014,BELONGS_TO_GENRE
game_058,genre_005,BELONGS_TO_GENRE
game_058,genre_014,BELONGS_TO_GENRE
game_059,genre_030,BELONGS_TO_GENRE
game_059,genre_014,BELONGS_TO_GENRE
game_060,genre_001,BELONGS_TO_GENRE
game_061,genre_001,BELONGS_TO_GENRE
game_062,genre_001,BELONGS_TO_GENRE
game_063,genre_001,BELONGS_TO_GENRE
game_064,genre_021,BELONGS_TO_GENRE
game_065,genre_021,BELONGS_TO_GENRE
game_066,genre_021,BELONGS_TO_GENRE
game_067,genre_016,BELONGS_TO_GENRE
game_067,genre_015,BELONGS_TO_GENRE
game_068,genre_001,BELONGS_TO_GENRE
game_069,genre_001,BELONGS_TO_GENRE
game_070,genre_046,BELONGS_TO_GENRE
game_070,genre_001,BELONGS_TO_GENRE
game_071,genre_016,BELONGS_TO_GENRE
game_071,genre_013,BELONGS_TO_GENRE
game_071,genre_005,BELONGS_TO_GENRE
game_072,genre_046,BELONGS_TO_GENRE
game_073,genre_016,BELONGS_TO_GENRE
game_073,genre_013,BELONGS_TO_GENRE
game_073,genre_005,BELONGS_TO_GENRE
game_074,genre_016,BELONGS_TO_GENRE
game_075,genre_016,BELONGS_TO_GENRE
game_076,genre_016,BELONGS_TO_GENRE
game_076,genre_013,BELONGS_TO_GENRE
game_076,genre_005,BELONGS_TO_GENRE
game_077,genre_041,BELONGS_TO_GENRE
game_078,genre_019,BELONGS_TO_GENRE
game_079,genre_019,BELONGS_TO_GENRE
game_079,genre_014,BELONGS_TO_GENRE
game_080,genre_041,BELONGS_TO_GENRE
game_081,genre_004,BELONGS_TO_GENRE
game_082,genre_004,BELONGS_TO_GENRE
game_083,genre_027,BELONGS_TO_GENRE
game_084,genre_028,BELONGS_TO_GENRE
game_085,genre_004,BELONGS_TO_GENRE
game_086,genre_029,BELONGS_TO_GENRE
game_087,genre_004,BELONGS_TO_GENRE
game_088,genre_027,BELONGS_TO_GENRE
game_089,genre_016,BELONGS_TO_GENRE
game_090,genre_016,BELONGS_TO_GENRE
game_091,genre_016,BELONGS_TO_GENRE
game_092,genre_016,BELONGS_TO_GENRE
game_093,genre_016,BELONGS_TO_GENRE
game_094,genre_022,BELONGS_TO_GENRE
game_095,genre_036,BELONGS_TO_GENRE
game_096,genre_043,BELONGS_TO_GENRE
game_097,genre_024,BELONGS_TO_GENRE
game_097,genre_015,BELONGS_TO_GENRE
game_098,genre_005,BELONGS_TO_GENRE
game_098,genre_013,BELONGS_TO_GENRE
game_099,genre_038,BELONGS_TO_GENRE
game_100,genre_035,BELONGS_TO_GENRE
game_101,genre_016,BELONGS_TO_GENRE
game_102,genre_040,BELONGS_TO_GENRE
game_103,genre_018,BELONGS_TO_GENRE
game_103,genre_015,BELONGS_TO_GENRE
game_104,genre_016,BELONGS_TO_GENRE
game_105,genre_046,BELONGS_TO_GENRE
game_106,genre_016,BELONGS_TO_GENRE
game_106,genre_013,BELONGS_TO_GENRE
game_106,genre_005,BELONGS_TO_GENRE
game_107,genre_025,BELONGS_TO_GENRE
game_107,genre_015,BELONGS_TO_GENRE
game_107,genre_014,BELONGS_TO_GENRE
